MFA_135,TAATACGACTCACTATAGGTGTTCCATTTGTAGTTTCAACTGG,Binds at: 1764 -> 1789
MFA_136,GATTATAACGATAGTAGTCATAATCGCTGATAGCAG,Binds at: 2098 <- 2133
SARS2_3kb_ASO_1-1,GGCAGCACAAGACATCTGTCGTAGTGCAACAGGACTAAGCTCATTATT,Binds at: 1 <- 48
SARS2_3kb_ASO_1-2,TGTAGTAAGCTAACGCATTGTCATCAGTGCAAGCAGTTTGTGTAGTACC,Binds at: 49 <- 97
SARS2_3kb_ASO_1-3,TGTAAATCGGATAACAGTGCAAGTACAAACCTACCTCCCTTTGTTGTGT,Binds at: 98 <- 146
SARS2_3kb_ASO_1-4,GATAGTACCAGTTCCATCACTCTTAGGGAATCTAGCCCATTTCAAATCC,Binds at: 147 <- 195
SARS2_3kb_ASO_1-5,CTTTAGGTGTGTCTGTAACAAACCTACAAGGTGGTTCCAGTTCTGTATA,Binds at: 196 <- 244
SARS2_3kb_ASO_2-1,ATACCTCTATTTAGGTTGTTTAATCCTTTAATAAAGTATAAATACTTCACTTTAGGAC,Binds at: 245 <- 302
SARS2_3kb_ASO_2-2,CACTTCTGTTGCATTACCAGCTTGTAGACGTACTGTGGCAGCTAAACTACCAAGTACC,Binds at: 303 <- 360
SARS2_3kb_ASO_2-3,AAGCTTTAGCAGCATCTACAGCAAAAGCACAGAAAGATAATACAGTTGAATTGGCAGG,Binds at: 361 <- 418
SARS2_3kb_ASO_2-4,CACAACATCTTAACACAATTAGTGATTGGTTGTCCCCCACTAGCTAGATAATCTTTGT,Binds at: 419 <- 476
SARS2_3kb_ASO_3-1,GATCCATATTGGCTTCCGGTGTAACTGTTATTGCCTGACCAGTACCAGTGTGTGTA,Binds at: 477 <- 532
SARS2_3kb_ASO_3-2,ATGATCTATGTGGCAACGGCAGTACAGACAACACGATGCACCACCAAAGGATTCTT,Binds at: 533 <- 588
SARS2_3kb_ASO_3-3,GTTGTAGGTATTTGTACATACTTACCTTTTAAGTCACAAAATCCTTTAGGATTTGG,Binds at: 589 <- 644
SARS2_3kb_ASO_3-4,CCGCAGACGGTACAGACTGTGTTTTTAAGTGTAAAACCCACAGGGTCATTAGCACAA,Binds at: 645 <- 701
SARS2_3kb_ASO_4-1,CTGAAGCATGGGTTCGCGGAGTTGATCACAACTACAGCCATAACCTTTCCACATA,Binds at: 702 <- 756
SARS2_3kb_ASO_4-2,AAGACGGGCTGCACTTACACCGCAAACCCGTTTAAAAACGATTGTGCATCAGCTGA,Binds at: 757 <- 812
SARS2_3kb_ASO_4-3,TAGATGTCAAAAGCCCTGTATACGACATCAGTACTAGTGCCTGTGCCGCACGGTGT,Binds at: 813 <- 868
SARS2_3kb_ASO_4-4,GGAAGCGACAACAATTAGTTTTTAGGAATTTAGCAAAACCAGCTACTTTATCATTG,Binds at: 869 <- 924
SARS2_3kb_ASO_5-1,TGTCTCTTAACTACAAAGTAAGAATCAATTAAATTGTCATCTTCGTCCTTTTCTT,Binds at: 925 <- 979
SARS2_3kb_ASO_5-2,GACAATCCTTAAGTAAATTATAAATTGTTTCTTCATGTTGGTAGTTAGAGAAAGTG,Binds at: 980 <- 1035
SARS2_3kb_ASO_5-3,GGTACCATGTCACCGTCTATTCTAAACTTAAAGAAGTCATGTTTAGCAACAGCTG,Binds at: 1036 <- 1090
SARS2_3kb_ASO_5-4,AAGCATAGACGAGGTCTGCCATTGTGTATTTAGTAAGACGTTGACGTGATATATGT,Binds at: 1091 <- 1146
SARS2_3kb_ASO_6-1,TGTATGTGACAAGTATTTCTTTTAATGTGTCACAATTACCTTCATCAAAATGCCTTA,Binds at: 1147 <- 1203
SARS2_3kb_ASO_6-2,GGTTTTCTACAAAATCATACCAGTCCTTTTTATTGAAATAATCATCATCACAACAAT,Binds at: 1204 <- 1260
SARS2_3kb_ASO_6-3,TTAACAAAGCTTGGCGTACACGTTCACCTAAGTTGGCGTATACGCGTAATATATCTG,Binds at: 1261 <- 1317
SARS2_3kb_ASO_6-4,ATGTCAGTACACCAACAATACCAGCATTTCGCATGGCATCACAGAATTGTACTGTTT,Binds at: 1318 <- 1374
SARS2_3kb_ASO_7-1,GTTTGTATGAAATCACCGAAATCATACCAGTTACCATTGAGATCTTGATTATCTA,Binds at: 1375 <- 1429
SARS2_3kb_ASO_7-2,TAGGCATTAACAATGAATAATAAGAATCTACAACAGGAACTCCACTACCTGGCGTG,Binds at: 1430 <- 1485
SARS2_3kb_ASO_7-3,GTTAAGTCAGTGTCAACATGTGACTCTGCAGTTAAAGCCCTGGTCAAGGTTAATA,Binds at: 1486 <- 1540
SARS2_3kb_ASO_7-4,TTAACCTCTCTTCCGTGAAGTCATATTTTAACAAATCCCACTTAATGTAAGGCTTT,Binds at: 1541 <- 1596
SARS2_3kb_ASO_8-1,AACACAATTTGGGTGGTATGTCTGATCCCAATATTTAAAATAACGGTCAAAGAGTT,Binds at: 1597 <- 1652
SARS2_3kb_ASO_8-2,GAGAATAAAACATTAAAGTTTGCACAATGCAGAATGCATCTGTCATCCAAACAGTT,Binds at: 1653 <- 1708
SARS2_3kb_ASO_8-3,CATCAACAAATATTTTTCTCACTAGTGGTCCAAAACTTGTAGGTGGGAACACTGTA,Binds at: 1709 <- 1764
SARS2_3kb_ASO_8-4,ATGTACAACACCTAGCTCTCTGAAGTGGTATCCAGTTGAAACTACAAATGGAACAC,Binds at: 1765 <- 1820
SARS2_3kb_ASO_9-1,TACACAAGTAATTCCTTAAAACTAAGTCTAGAGCTATGTAAGTTTACATCCTGATT,Binds at: 1821 <- 1876
SARS2_3kb_ASO_9-2,TGCGTTTATCTAGTAATAGATTACCAGAAGCAGCGTGCATAGCAGGGTCAGCAGCA,Binds at: 1877 <- 1932
SARS2_3kb_ASO_9-3,TTTGACAGTTTGAAAAGCAACATTGTTAGTAAGTGCAGCTACTGAAAAGCACGTAG,Binds at: 1933 <- 1988
SARS2_3kb_ASO_9-4,CTTAAAGAAACCCTTAGACACAGCAAAGTCATAGAAGTCTTTGTTAAAATTACCGGG,Binds at: 1989 <- 2045
SARS2_3kb_ASO_10-1,CAGCATTACCATCCTGAGCAAAGAAGAAGTGTTTTAATTCAACAGAACTTCCTTC,Binds at: 2046 <- 2100
SARS2_3kb_ASO_10-2,CTGATATCACACATTGTTGGTAGATTATAACGATAGTAGTCATAATCGCTGATAG,Binds at: 2101 <- 2155
SARS2_3kb_ASO_10-3,ACCATCGTAACAATCAAAGTACTTATCAACAACTTCAACTACAAATAGTAGTTGT,Binds at: 2156 <- 2210
SARS2_3kb_ASO_10-4,AACCAGCTGATTTGTCTAGGTTGTTGACGATGACTTGGTTAGCATTAATACAGCC,Binds at: 2211 <- 2265
SARS2_3kb_ASO_11-1,CCTCATAACTCATTGAATCATAATAAAGTCTAGCCTTACCCCATTTATTAAATGGAA,Binds at: 2266 <- 2322
SARS2_3kb_ASO_11-2,ATTTGAGTTATAGTAGGGATGACATTACGTTTTGTATATGCGAAAAGTGCATCTTGAT,Binds at: 2323 <- 2380
SARS2_3kb_ASO_11-3,GAGACACCAGCTACGGTGCGAGCTCTATTCTTTGCACTAATGGCATACTTAAGATTC,Binds at: 2381 <- 2437
SARS2_3kb_ASO_11-4,GGCTATTGATTTCAATAATTTTTGATGAAACTGTCTATTGGTCATAGTACTACAGATA,Binds at: 2438 <- 2495
SARS2_3kb_ASO_12-1,CAACCACCATAGAATTTGCTTGTTCCAATTACTACAGTAGCTCCTCTAGTGGC,Binds at: 2496 <- 2548
SARS2_3kb_ASO_12-2,CCATAAGGTGAGGGTTTTCTACATCACTATAAACAGTTTTTAACATGTTGTGC,Binds at: 2549 <- 2601
SARS2_3kb_ASO_12-3,CATAATTCTAAGCATGTTAGGCATGGCTCTATCACATTTAGGATAATCCCAAC,Binds at: 2602 <- 2654
SARS2_3kb_ASO_12-4,ACGGTGTGACAAGCTACAACACGTTGTATGTTTGCGAGCAAGAACAAGTGAGGC,Binds at: 2655 <- 2708
SARS2_3kb_ASO_13-1,ACACATGACCATTTCACTCAATACTTGAGCACACTCATTAGCTAATCTATAGAA,Binds at: 2709 <- 2762
SARS2_3kb_ASO_13-2,AGTTGTGGCATCTCCTGATGAGGTTCCACCTGGTTTAACATATAGTGAACCGCC,Binds at: 2763 <- 2816
SARS2_3kb_ASO_13-3,ATTAACATTGGCCGTGACAGCTTGACAAATGTTAAAAACACTATTAGCATAAGC,Binds at: 2817 <- 2870
SARS2_3kb_ASO_13-4,TAAATTGCGGACATACTTATCGGCAATTTTGTTACCATCAGTAGATAAAAGTGC,Binds at: 2871 <- 2924
SARS2_3kb_ASO_FSE-1,AACTACAGCCATAACCTTTCCACATACCGCAGACGGTACAGACTGTGTTTTTAAGTGT,Binds at: 670 <- 727
SARS2_3kb_ASO_FSE-2,GGGTTCGCGGAGTTGATCACAACTACAGCCATAACCTTTCCACATACCGCAGACGGTA,Binds at: 690 <- 747
SARS2_3kb_ASO_FSE-3,GCAAAACCAGCTACTTTATCATTGTAGATGTCAAAAGCCCTGTATACGACATCAGTAC,Binds at: 835 <- 892
SARS2_3kb_primer_1F,AATAATGAGCTTAGTCCTGTTGCACTACG,Binds at: 1 -> 29
SARS2_3kb_primer_1R,AGGTTGTTTAATCCTTTAATAAAGTATAAATACTTCACTTTAGG,Binds at: 247 <- 290
SARS2_3kb_primer_2F,ACCTTGTAGGTTTGTTACAGACACACCTAA,Binds at: 213 -> 242
SARS2_3kb_primer_2R,TTGCCTGACCAGTACCAGTGTGTG,Binds at: 479 <- 502
SARS2_3kb_primer_3F,GGACAACCAATCACTAATTGTGTTAAGATGTTG,Binds at: 442 -> 474
SARS2_3kb_primer_3R,TCACAACTACAGCCATAACCTTTCCACA,Binds at: 704 <- 731
SARS2_3kb_primer_4F,CTTAAAAACACAGTCTGTACCGTCTGC,Binds at: 673 -> 699
SARS2_3kb_primer_4R,GTAAGAATCAATTAAATTGTCATCTTCGTCCTTTTC,Binds at: 927 <- 962
SARS2_3kb_primer_5F,TGCTAAATTCCTAAAAACTAATTGTTGTCGCTT,Binds at: 890 -> 922
SARS2_3kb_primer_5R,ATGTGTCACAATTACCTTCATCAAAATGCCT,Binds at: 1149 <- 1179
SARS2_3kb_primer_6F,CAATGGCAGACCTCGTCTATGC,Binds at: 1123 -> 1144
SARS2_3kb_primer_6R,GAAATCATACCAGTTACCATTGAGATCTTGATTATC,Binds at: 1377 <- 1412
SARS2_3kb_primer_7F,CGAAATGCTGGTATTGTTGGTGTACTGAC,Binds at: 1344 -> 1372
SARS2_3kb_primer_7R,GTCTGATCCCAATATTTAAAATAACGGTCAAAGAG,Binds at: 1599 <- 1633
SARS2_3kb_primer_8F,TGTTAAAATATGACTTCACGGAAGAGAGGTT,Binds at: 1564 -> 1594
SARS2_3kb_primer_8R,AAGTCTAGAGCTATGTAAGTTTACATCCTGA,Binds at: 1823 <- 1853
SARS2_3kb_primer_9F,CCACTTCAGAGAGCTAGGTGTTGTAC,Binds at: 1793 -> 1818
SARS2_3kb_primer_9R,CAAAGAAGAAGTGTTTTAATTCAACAGAACTTCCT,Binds at: 2048 <- 2082
SARS2_3kb_primer_10F,TGACTTTGCTGTGTCTAAGGGTTTCTTTA,Binds at: 2015 -> 2043
SARS2_3kb_primer_10R,CATAATAAAGTCTAGCCTTACCCCATTTATTAAATGG,Binds at: 2268 <- 2304
SARS2_3kb_primer_11F,CGTCAACAACCTAGACAAATCAGCTGG,Binds at: 2237 -> 2263
SARS2_3kb_primer_11R,TTCCAATTACTACAGTAGCTCCTCTAGTG,Binds at: 2498 <- 2526
SARS2_3kb_primer_12F,GACCAATAGACAGTTTCATCAAAAATTATTGAAATCAATAG,Binds at: 2453 -> 2493
SARS2_3kb_primer_12R,ATACTTGAGCACACTCATTAGCTAATCTATAG,Binds at: 2711 <- 2742
SARS2_3kb_primer_13F,ACAACGTGTTGTAGCTTGTCACACC,Binds at: 2682 -> 2706
SARS2_3kb_primer_13R,TAAATTGCGGACATACTTATCGGCAATTTTG,Binds at: 2894 <- 2924
SR012,CCCTGTGGGTTTTACACTTAAAAAC,Binds at: 657 -> 681
SR014,CTTCGTCCTTTTCTTGGAAGCGACA,Binds at: 915 <- 939