Section,Reference,5' End,3' End,Forward Primer,Reverse Primer
short,b1a,,,ACCCTATACGGTTTTGTCTTGAAAA,TTTTACAATAAAGAAAGCATCATGCTT
short,bm48,,,GTTTTATTCTTAGAAACACAGTCTG,GGAGTCTAATAAGTTGCCCTCTTCATC
short,cmc,,,ATAAAGATAAGGAACCTGTTTCTTT,ACTATTAGGTATTGGCAAATTAATGCG
short,ibv,,,TTTGCACTGTTTGCCAGTGTTGGAT,CTCAAGATTTCCATCTTCAGTATCGCG
short,mers,,,GATTTTGTTTGTCAAATACCCCCTG,ATGATGCCCTTGGTCATCTAATTCTAC
short,mhv,,,CTGTGTCATATGTGTTGACGCATGA,ATCCAACTTGTTGCCGTCCTCATCTAC
short,oc43,,,CTGTGTCTTATGTTTTGACACATGA,ATCTAATTTATCACCGTTCTCATCAAC
short,sars1,,,GTTTTACACTTAGAAACACAGTCTG,AGAGTCTAATAAATTGCCTTCCTCATC
short,sars2,,,GTTTTACACTTAAAAACACAGTCTG,AGAATCAATTAAATTGTCATCTTCGTC
short,tgev,,,CAATTCGGTTCTGTATTGAAAATGA,TTTGACAATGTAGTAGGCATCATGTTT
